1,google.com
2,youtube.com
3,facebook.com
4,baidu.com
5,wikipedia.org
6,tmall.com
7,yahoo.com
8,qq.com
9,taobao.com
10,sohu.com
11,google.co.in
12,amazon.com
13,twitter.com
14,instagram.com
15,live.com
16,login.tmall.com
17,360.cn
18,weibo.com
19,yandex.ru
20,jd.com
21,reddit.com
22,sina.com.cn
23,google.co.jp
24,blogspot.com
25,vk.com
26,linkedin.com
27,pages.tmall.com
28,google.com.hk
29,netflix.com
30,google.com.br
31,google.co.uk
32,pornhub.com
33,office.com
34,alipay.com
35,yahoo.co.jp
36,twitch.tv
37,google.fr
38,mail.ru
39,microsoftonline.com
40,google.ru
41,microsoft.com
42,google.de
43,ebay.com
44,csdn.net
45,t.co
46,livejasmin.com
47,ok.ru
48,msn.com
49,whatsapp.com
50,aliexpress.com
51,tribunnews.com
52,bing.com
53,naver.com
54,xvideos.com
55,wordpress.com
56,google.com.mx
57,google.it
58,stackoverflow.com
59,amazon.co.jp
60,google.ca
61,imdb.com
62,paypal.com
63,google.es
64,github.com
65,xhamster.com
66,google.com.tr
67,tumblr.com
68,apple.com
69,google.com.tw
70,espn.com
71,google.com.au
72,google.co.kr
73,imgur.com
74,wikia.com
75,googleusercontent.com
76,xinhuanet.com
77,thestartmagazine.com
78,adobe.com
79,dropbox.com
80,pinterest.com
81,amazon.in
82,tianya.cn
83,xnxx.com
84,bilibili.com
85,fbcdn.net
86,detail.tmall.com
87,amazon.de
88,google.co.id
89,cobalten.com
90,hao123.com
91,amazon.co.uk
92,quora.com
93,babytree.com
94,detik.com
95,amazonaws.com
96,pixnet.net
97,soso.com
98,panda.tv
99,google.co.th
100,bbc.com
101,google.pl
102,booking.com
103,google.com.ar
104,nytimes.com
105,cnn.com
106,bbc.co.uk
107,google.com.sa
108,google.com.eg
109,stackexchange.com
110,ask.com
111,txxx.com
112,google.com.pk
113,popads.net
114,bongacams.com
115,force.com
116,soundcloud.com
117,tokopedia.com
118,otvfoco.com.br
119,chase.com
120,zhanqi.tv
121,aparat.com
122,so.com
123,vimeo.com
124,onlinesbi.com
125,dnckawxatc.com
126,rakuten.co.jp
127,nih.gov
128,craigslist.org
129,google.com.ua
130,sharepoint.com
131,bukalapak.com
132,spotify.com
133,iqiyi.com
134,instructure.com
135,caijing.com.cn
136,dailymotion.com
137,avito.ru
138,indeed.com
139,mama.cn
140,china.com.cn
141,google.com.vn
142,theguardian.com
143,google.co.ao
144,nicovideo.jp
145,google.co.za
146,flipkart.com
147,globo.com
148,people.com.cn
149,uol.com.br
150,slideshare.net
151,openload.co
152,softonic.com
153,porn555.com
154,zoomnewsupdate.info
155,w3schools.com
156,salesforce.com
157,daum.net
158,google.com.sg
159,researchgate.net
160,roblox.com
161,ebay.de
162,ettoday.net
163,google.co.ve
164,zhihu.com
165,bet9ja.com
166,ebay.co.uk
167,chaturbate.com
168,vice.com
169,activetect.net
170,google.az
171,godaddy.com
172,cnet.com
173,scribd.com
174,mediafire.com
175,rednet.cn
176,wikihow.com
177,google.com.co
178,liputan6.com
179,google.gr
180,upornia.com
181,wetransfer.com
182,kompas.com
183,etsy.com
184,huanqiu.com
185,mercadolivre.com.br
186,trello.com
187,ci123.com
188,fc2.com
189,setn.com
190,deviantart.com
191,exosrv.com
192,google.com.ph
193,google.nl
194,medium.com
195,amazon.fr
196,dkn.tv
197,walmart.com
198,amazon.it
199,google.com.pe
200,youm7.com
201,quizlet.com
202,1688.com
203,bankofamerica.com
204,cloudfront.net
205,spankbang.com
206,yy.com
207,wellsfargo.com
208,ebc.net.tw
209,digikala.com
210,discordapp.com
211,washingtonpost.com
212,breitbart.com
213,yts.am
214,blogger.com
215,freepik.com
216,onlinevideoconverter.com
217,mozilla.org
218,youporn.com
219,weather.com
220,rambler.ru
221,canva.com
222,yelp.com
223,steamcommunity.com
224,dailymail.co.uk
225,sogou.com
226,google.se
227,cnblogs.com
228,slack.com
229,doubleclick.net
230,indiatimes.com
231,alibaba.com
232,ebay-kleinanzeigen.de
233,google.com.ng
234,sciencedirect.com
235,shutterstock.com
236,livejournal.com
237,google.cl
238,zillow.com
239,google.be
240,redtube.com
241,speedtest.net
242,bet365.com
243,genius.com
244,foxnews.com
245,savefrom.net
246,patria.org.ve
247,twimg.com
248,douban.com
249,thepiratebay.org
250,google.pt
251,outbrain.com
252,newsprofin.com
253,blackboard.com
254,duckduckgo.com
255,myshopify.com
256,ladbible.com
257,telewebion.com
258,abs-cbn.com
259,steampowered.com
260,messenger.com
261,tgju.org
262,sindonews.com
263,17ok.com
264,hulu.com
265,digitaldsp.com
266,diply.com
267,mega.nz
268,amazon.es
269,varzesh3.com
270,ltn.com.tw
271,naganoadigei.com
272,forbes.com
273,nextoptim.com
274,zendesk.com
275,google.ae
276,yao.tmall.com
277,tvbs.com.tw
278,1337x.to
279,google.ro
280,crptentry.com
281,estcontentdelivery.info
282,archive.org
283,51sole.com
284,tripadvisor.com
285,google.dz
286,xfinity.com
287,nfl.com
288,line.me
289,hclips.com
290,jrj.com.cn
291,elfagr.com
292,allegro.pl
293,amazon.ca
294,gfycat.com
295,airbnb.com
296,reverso.net
297,myway.com
298,mailchimp.com
299,ikea.com
300,office365.com
301,bkn.go.id
302,buzzfeed.com
303,momoshop.com.tw
304,tistory.com
305,doublepimp.com
306,udemy.com
307,mmofreegames.online
308,google.at
309,businessinsider.com
310,banvenez.com
311,baike.com
312,glassdoor.com
313,orange.fr
314,intuit.com
315,rt.com
316,exdynsrv.com
317,google.ch
318,list.tmall.com
319,siteadvisor.com
320,asos.com
321,pornq.com
322,usps.com
323,primevideo.com
324,eastday.com
325,alwafd.news
326,wordreference.com
327,gamepedia.com
328,sex.com
329,icloud.com
330,bestbuy.com
331,telegram.org
332,hp.com
333,google.cn
334,amazon.cn
335,hotstar.com
336,wikimedia.org
337,pinimg.com
338,americanexpress.com
339,163.com
340,aol.com
341,okdiario.com
342,google.cz
343,bp.blogspot.com
344,google.co.il
345,ups.com
346,weebly.com
347,zoom.us
348,kinopoisk.ru
349,skype.com
350,cnnindonesia.com
351,uptodown.com
352,gearbest.com
353,ameblo.jp
354,huffingtonpost.com
355,userapi.com
356,gosuslugi.ru
357,thesaurus.com
358,box.com
359,lolesports.com
360,hola.com
361,cambridge.org
362,capitalone.com
363,haber7.com
364,youdao.com
365,kaskus.co.id
366,kakaku.com
367,fedex.com
368,viralvideos.technology
369,merdeka.com
370,zoho.com
371,goodreads.com
372,cqnews.net
373,kumparan.com
374,livedoor.com
375,gamespot.com
376,kooora.com
377,google.ie
378,doublepimpssl.com
379,oeeee.com
380,biobiochile.cl
381,redd.it
382,leboncoin.fr
383,mercadolibre.com.ar
384,namnak.com
385,taboola.com
386,irctc.co.in
387,googlevideo.com
388,oath.com
389,wp.pl
390,okta.com
391,ensonhaber.com
392,bldaily.com
393,patreon.com
394,wordpress.org
395,onet.pl
396,namu.wiki
397,6.cn
398,gome.com.cn
399,hdfcbank.com
400,google.kz
401,chouftv.ma
402,sourceforge.net
403,manoramaonline.com
404,zippyshare.com
405,ouo.io
406,atlassian.net
407,cdninstagram.com
408,op.gg
409,coinmarketcap.com
410,fiverr.com
411,pixiv.net
412,naija.ng
413,cdstm.cn
414,livedoor.jp
415,olx.ua
416,bitmedianetwork.com
417,google.no
418,behance.net
419,jiameng.com
420,bles.com
421,taleo.net
422,dmm.co.jp
423,oracle.com
424,google.hu
425,files.wordpress.com
426,samsung.com
427,battle.net
428,flickr.com
429,elpais.com
430,healthline.com
431,jf71qh5v14.com
432,wix.com
433,mercadolibre.com.mx
434,sberbank.ru
435,rotumal.com
436,usatoday.com
437,themeforest.net
438,target.com
439,rarbg.to
440,albawabhnews.com
441,gismeteo.ru
442,hotmovs.com
443,shaparak.ir
444,kissanime.ru
445,accuweather.com
446,3c.tmall.com
447,smallpdf.com
448,divar.ir
449,ndtv.com
450,rottentomatoes.com
451,nbcnews.com
452,homedepot.com
453,bloomberg.com
454,sahibinden.com
455,wowhead.com
456,academia.edu
457,cnbc.com
458,patch.com
459,springer.com
460,dell.com
461,evernote.com
462,suara.com
463,ign.com
464,exoclick.com
465,ouedkniss.com
466,znanija.com
467,libero.it
468,free.fr
469,shopify.com
470,yourporn.sexy
471,mi.com
472,upwork.com
473,ria.ru
474,google.fi
475,aliyun.com
476,blog.jp
477,infourok.ru
478,google.dk
479,seznam.cz
480,uniqlo.tmall.com
481,uzone.id
482,google.sk
483,wtoip.com
484,leagueoflegends.com
485,marca.com
486,livescore.com
487,wiley.com
488,ebay.it
489,wiktionary.org
490,nur.kz
491,pixabay.com
492,google.com.kw
493,slickdeals.net
494,citi.com
495,seasonvar.ru
496,idntimes.com
497,metropoles.com
498,wsj.com
499,geeksforgeeks.org
500,friv.com
501,olx.pl
502,ultimate-guitar.com
503,eventbrite.com
504,urbandictionary.com
505,f5v1x3kgv5.com
506,104.com.tw
507,playstation.com
508,elsevier.com
509,fidelity.com
510,prezi.com
511,lenta.ru
512,tutorialspoint.com
513,douyu.com
514,pikabu.ru
515,web.de
516,donya-e-eqtesad.com
517,cbssports.com
518,android.com
519,digialm.com
520,myanimelist.net
521,repubblica.it
522,grid.id
523,i62e2b4mfy.com
524,viva.co.id
525,go.com
526,food.tmall.com
527,vacaneedasap.com
528,wixsite.com
529,beeg.com
530,mit.edu
531,nvzhuang.tmall.com
532,subscene.com
533,surveymonkey.com
534,paytmmall.com
535,spiegel.de
536,gmx.net
537,webmd.com
538,s9kkremkr0.com
539,inquirer.net
540,chegg.com
541,9gag.com
542,nike.com
543,ilovepdf.com
544,yandex.kz
545,souq.com
546,list-manage.com
547,khanacademy.org
548,engadget.com
549,pantip.com
550,southwest.com
551,billdesk.com
552,mawdoo3.com
553,westernjournal.com
554,hm.com
555,investing.com
556,drom.ru
557,bitly.com
558,torrentz2.eu
559,goo.ne.jp
560,grammarly.com
561,icicibank.com
562,adp.com
563,emol.com
564,discogs.com
565,hurriyet.com.tr
566,hdzog.com
567,dcinside.com
568,wish.com
569,google.lk
570,ebay.com.au
571,ca.gov
572,paytm.com
573,youku.com
574,giphy.com
575,oload.cloud
576,gsmarena.com
577,popcash.net
578,att.com
579,gstatic.com
580,scol.com.cn
581,admaimai.com
582,mlb.com
583,drudgereport.com
584,nianhuo.tmall.com
585,google.com.do
586,hotnewhiphop.com
587,hellomagazine.com
588,mathrubhumi.com
589,thefreedictionary.com
590,bancodevenezuela.com
591,voot.com
592,subject.tmall.com
593,gizmodo.com
594,jw.org
595,egy.best
596,perfecttoolmedia.com
597,tasnimnews.com
598,rutube.ru
599,weblio.jp
600,reuters.com
601,bild.de
602,investopedia.com
603,nga.cn
604,merriam-webster.com
605,toutiao.com
606,prothomalo.com
607,gmarket.co.kr
608,gamer.com.tw
609,tradingview.com
610,state.gov
611,kickstarter.com
612,3dmgame.com
613,autodesk.com
614,asus.com
615,gamersky.com
616,debate.com.mx
617,bandcamp.com
618,squarespace.com
619,telegraph.co.uk
620,hespress.com
621,iranecar.com
622,avgle.com
623,flvto.biz
624,appledaily.com
625,nownews.com
626,cryptobrowser.site
627,mgid.com
628,nyaa.si
629,pandora.com
630,drive2.ru
631,coursera.org
632,ibm.com
633,ptt.cc
634,brilio.net
635,yournewtab.com
636,filehippo.com
637,wattpad.com
638,expedia.com
639,kapanlagi.com
640,dailycaller.com
641,japanpost.jp
642,coursehero.com
643,hubspot.com
644,naukri.com
645,tempo.co
646,verizonwireless.com
647,trustpilot.com
648,epicgames.com
649,td.com
650,e-hentai.org
651,independent.co.uk
652,yadi.sk
653,yandex.com.tr
654,fishki.net
655,convert2mp3.net
656,milliyet.com.tr
657,npr.org
658,rediff.com
659,xda-developers.com
660,pole-emploi.fr
661,mynewsupdate.info
662,google.co.nz
663,cinecalidad.to
664,sabq.org
665,as.com
666,eghtesadnews.com
667,alnaharegypt.com
668,tube8.com
669,google.rs
670,memurlar.net
671,unsplash.com
672,google.com.ly
673,rutracker.org
674,cnzz.com
675,duba.com
676,banesconline.com
677,pexels.com
678,n11.com
679,beytoote.com
680,bleacherreport.com
681,douyin.com
682,sputniknews.com
683,discover.com
684,lapatilla.com
685,4399.com
686,webex.com
687,fb.ru
688,nexusmods.com
689,olx.com.br
690,banggood.com
691,ticketmaster.com
692,pchome.com.tw
693,vnexpress.net
694,mercari.com
695,mercadolibre.com.ve
696,discuss.com.hk
697,scribol.com
698,umblr.com
699,google.by
700,movierulz.st
701,yaplakal.com
702,thewhizmarketing.com
703,sci-hub.tw
704,www.gov.uk
705,wunderground.com
706,eyny.com
707,ieee.org
708,media.tumblr.com
709,uod2quk646.com
710,eksisozluk.com
711,alodokter.com
712,agoda.com
713,rbc.ru
714,indoxx1.com
715,ruliweb.com
716,t-online.de
717,feedly.com
718,interia.pl
719,cisco.com
720,4chan.org
721,kijiji.ca
722,google.bg
723,humblebundle.com
724,hh.ru
725,tamilmv.biz
726,labanquepostale.fr
727,crunchyroll.com
728,kizlarsoruyor.com
729,asana.com
730,dictionary.com
731,nhentai.net
732,addthis.com
733,padlet.com
734,xiami.com
735,jianshu.com
736,studfiles.net
737,ed.gov
738,shein.com
739,browsergames2018.com
740,ninisite.com
741,techradar.com
742,chinadaily.com.cn
743,porn.com
744,uptobox.com
745,webcontentdelivery.info
746,newegg.com
747,google.tn
748,miao.tmall.com
749,elmundo.es
750,youth.cn
751,vidio.com
752,huaban.com
753,vporn.com
754,sportbible.com
755,caixa.gov.br
756,mheducation.com
757,dmm.com
758,aimer.tmall.com
759,cdiscount.com
760,torrent9.ph
761,hatena.ne.jp
762,theverge.com
763,sonyliv.com
764,factaholics.com
765,rarbgprx.org
766,vesti.ru
767,goal.com
768,techcrunch.com
769,crabsecret.tmall.com
770,jmw.com.cn
771,ifeng.com
772,bol.uol.com.br
773,wayfair.com
774,entrepreneur.com
775,hatenablog.com
776,hotels.com
777,lifewire.com
778,groupon.com
779,animeyt.tv
780,qualtrics.com
781,subito.it
782,nordstrom.com
783,punchng.com
784,bicentenariobu.com
785,err.tmall.com
786,newstarads.com
787,europa.eu
788,thepiratebay3.org
789,express.co.uk
790,cnki.net
791,ecosia.org
792,motorsport.com
793,hepsiburada.com
794,mobile.de
795,dafont.com
796,harvard.edu
797,animeflv.net
798,nikkei.com
799,nhk.or.jp
800,kayak.com
801,udn.com
802,lemonde.fr
803,marriott.com
804,issuu.com
805,superuser.com
806,okezone.com
807,bitbucket.org
808,naver.jp
809,creditonebank.com
810,elbalad.news
811,artstation.com
812,mileroticos.com
813,gog.com
814,turkiye.gov.tr
815,zing.vn
816,kp.ru
817,abola.pt
818,mynet.com
819,abril.com.br
820,archiveofourown.org
821,youjizz.com
822,yenisafak.com
823,utorrent.com
824,nba.com
825,livetv.sx
826,getpocket.com
827,ccm.net
828,wildberries.ru
829,chess.com
830,51.la
831,timeanddate.com
832,mobile01.com
833,urdupoint.com
834,qj.com.cn
835,nature.com
836,blog.me
837,wondershare.com
838,norton.com
839,nypost.com
840,rajasthan.gov.in
841,stanford.edu
842,chip.de
843,jqw.com
844,lun.com
845,meetup.com
846,marketwatch.com
847,lefigaro.fr
848,ytimg.com
849,spao.tmall.com
850,lenovo.com
851,gap.tmall.com
852,cricbuzz.com
853,gazetaexpress.com
854,corriere.it
855,rapidgator.net
856,joq.al
857,delta.com
858,xe.com
859,google.com.gt
860,farfetch.com
861,dnevnik.ru
862,americanas.com.br
863,neiyi.tmall.com
864,codepen.io
865,namasha.com
866,secureserver.net
867,yallakora.com
868,auction.co.kr
869,alicdn.com
870,sarkariresult.com
871,theatlantic.com
872,royalbank.com
873,cbsnews.com
874,dream.co.id
875,depositphotos.com
876,gmanetwork.com
877,makemytrip.com
878,ebay.fr
879,snapdeal.com
880,k618.cn
881,tandfonline.com
882,espncricinfo.com
883,monografias.com
884,google.hr
885,gyazo.com
886,google.lt
887,lee.tmall.com
888,zougla.gr
889,dailypost.ng
890,givemesport.com
891,mathworks.com
892,ea.com
893,donga.com
894,4pda.ru
895,shopee.tw
896,politico.com
897,intel.com
898,cimaclub.com
899,ruten.com.tw
900,prom.ua
901,nsportal.ru
902,11st.co.kr
903,caliente.mx
904,myanmarload.com
905,pngtree.com
906,chron.com
907,bankmellat.ir
908,wp.com
909,constantcontact.com
910,edx.org
911,4shared.com
912,tnt-online.ru
913,cbc.ca
914,infobae.com
915,google.iq
916,binance.com
917,farsnews.com
918,jstor.org
919,premierleague.com
920,lifehacker.com
921,costco.com
922,google.com.ec
923,iranjib.ir
924,gaana.com
925,zomato.com
926,vox.com
927,huawei.com
928,constintptr.com
929,indianexpress.com
930,yandex.by
931,ukr.net
932,58.com
933,redfin.com
934,myfreecams.com
935,yjc.ir
936,blibli.com
937,dw.com
938,zara.com
939,news.com.au
940,dcard.tw
941,usaa.com
942,realtor.com
943,rus.ec
944,mirror.co.uk
945,gazeta.ru
946,duolingo.com
947,vanguardngr.com
948,reclameaqui.com.br
949,study.com
950,exhentai.org
951,pornpics.com
952,badoo.com
953,el-nacional.com
954,bzw315.com
955,viber.com
956,gdz.ru
957,indiamart.com
958,tirto.id
959,elwatannews.com
960,poste.it
961,thesun.co.uk
962,velocitycdn.com
963,telegraf.com.ua
964,provincial.com
965,macys.com
966,heavy.com
967,xtube.com
968,asahi.com
969,fmovies.to
970,standardmedia.co.ke
971,y8.com
972,aa.com
973,kakao.com
974,cloudflare.com
975,crhoy.com
976,axisbank.co.in
977,lentainform.com
978,flashscore.com
979,vkuseraudio.net
980,envato.com
981,nmisr.com
982,jimdo.com
983,yespornplease.com
984,taringa.net
985,biblegateway.com
986,otto.de
987,myhome.tmall.com
988,bookmyshow.com
989,lowes.com
990,google.com.my
991,schoology.com
992,istockphoto.com
993,echo.msk.ru
994,17track.net
995,huya.com
996,linkshrink.net
997,dmv.org
998,knowyourmeme.com
999,hootsuite.com
1000,ozon.ru
